{
    "mse": 735958643.1018267,
    "mae": 18008.757203175945,
    "r2": 0.6094093405314706
}
